UNIQUE_ID.x,BlockingNo,Name,DOB,COB,COC,avgnameES,avgdobES,avgCOCES,avgCOBES,clust,Golden
1,987654321,Doug Greer,19391024,USA,USA,0.444444444,0.339285714,0.99,1,1,N
2,987654321,Christie Entwistle,19830101,USA,USA,0.380952381,0.625,0.99,1,3,N
3,987654321,Christie Greer,19830418,USA,USA,0.563492063,0.607142857,0.99,1,2,N
4,987654321,Cliff Greer,19850101,USA,USA,0.53968254,0.571428571,0.99,1,2,N
5,987654321,Christie Entwistle,19830418,USA,USA,0.380952381,0.607142857,0.99,1,3,Y
6,987654320,Annette Greer,19531231,Belgium,USA,0.46031746,0.392857143,0.1,1,1,N
7,987654320,Cliff Greer,19850602,USA,USA,0.53968254,0.5,0.99,1,2,N
8,987654320,C Entwistle,19830418,USA,USA,0.468253968,0.607142857,0.99,1,3,N
